[{"id":1,"title":"Title 1","alt":"IMG 1","thumb_img":"img\/thumb_img.jpg","large_img":"img\/large_img.jpg"},{"id":2,"title":"Title 2","alt":"IMG 2","thumb_img":"img\/thumb_img.jpg","large_img":"img\/large_img.jpg"},{"id":3,"title":"Title 3","alt":"IMG 3","thumb_img":"img\/thumb_img.jpg","large_img":"img\/large_img.jpg"},{"id":4,"title":"Title 4","alt":"IMG 4","thumb_img":"img\/thumb_img.jpg","large_img":"img\/large_img.jpg"},{"id":5,"title":"Title 5","alt":"IMG 5","thumb_img":"img\/thumb_img.jpg","large_img":"img\/large_img.jpg"},{"id":6,"title":"Title 6","alt":"IMG 6","thumb_img":"img\/thumb_img.jpg","large_img":"img\/large_img.jpg"},{"id":7,"title":"Title 7","alt":"IMG 7","thumb_img":"img\/thumb_img.jpg","large_img":"img\/large_img.jpg"},{"id":8,"title":"Title 8","alt":"IMG 8","thumb_img":"img\/thumb_img.jpg","large_img":"img\/large_img.jpg"},{"id":9,"title":"Title 9","alt":"IMG 9","thumb_img":"img\/thumb_img.jpg","large_img":"img\/large_img.jpg"},{"id":10,"title":"Title 10","alt":"IMG 10","thumb_img":"img\/thumb_img.jpg","large_img":"img\/large_img.jpg"},{"id":11,"title":"Title 11","alt":"IMG 11","thumb_img":"img\/thumb_img.jpg","large_img":"img\/large_img.jpg"},{"id":12,"title":"Title 12","alt":"IMG 12","thumb_img":"img\/thumb_img.jpg","large_img":"img\/large_img.jpg"},{"id":13,"title":"Title 13","alt":"IMG 13","thumb_img":"img\/thumb_img.jpg","large_img":"img\/large_img.jpg"},{"id":14,"title":"Title 14","alt":"IMG 14","thumb_img":"img\/thumb_img.jpg","large_img":"img\/large_img.jpg"},{"id":15,"title":"Title 15","alt":"IMG 15","thumb_img":"img\/thumb_img.jpg","large_img":"img\/large_img.jpg"},{"id":16,"title":"Title 16","alt":"IMG 16","thumb_img":"img\/thumb_img.jpg","large_img":"img\/large_img.jpg"},{"id":17,"title":"Title 17","alt":"IMG 17","thumb_img":"img\/thumb_img.jpg","large_img":"img\/large_img.jpg"},{"id":18,"title":"Title 18","alt":"IMG 18","thumb_img":"img\/thumb_img.jpg","large_img":"img\/large_img.jpg"},{"id":19,"title":"Title 19","alt":"IMG 19","thumb_img":"img\/thumb_img.jpg","large_img":"img\/large_img.jpg"},{"id":20,"title":"Title 20","alt":"IMG 20","thumb_img":"img\/thumb_img.jpg","large_img":"img\/large_img.jpg"},{"id":21,"title":"Title 21","alt":"IMG 21","thumb_img":"img\/thumb_img.jpg","large_img":"img\/large_img.jpg"},{"id":22,"title":"Title 22","alt":"IMG 22","thumb_img":"img\/thumb_img.jpg","large_img":"img\/large_img.jpg"},{"id":23,"title":"Title 23","alt":"IMG 23","thumb_img":"img\/thumb_img.jpg","large_img":"img\/large_img.jpg"},{"id":24,"title":"Title 24","alt":"IMG 24","thumb_img":"img\/thumb_img.jpg","large_img":"img\/large_img.jpg"},{"id":25,"title":"Title 25","alt":"IMG 25","thumb_img":"img\/thumb_img.jpg","large_img":"img\/large_img.jpg"},{"id":26,"title":"Title 26","alt":"IMG 26","thumb_img":"img\/thumb_img.jpg","large_img":"img\/large_img.jpg"},{"id":27,"title":"Title 27","alt":"IMG 27","thumb_img":"img\/thumb_img.jpg","large_img":"img\/large_img.jpg"},{"id":28,"title":"Title 28","alt":"IMG 28","thumb_img":"img\/thumb_img.jpg","large_img":"img\/large_img.jpg"},{"id":29,"title":"Title 29","alt":"IMG 29","thumb_img":"img\/thumb_img.jpg","large_img":"img\/large_img.jpg"},{"id":30,"title":"Title 30","alt":"IMG 30","thumb_img":"img\/thumb_img.jpg","large_img":"img\/large_img.jpg"},{"id":31,"title":"Title 31","alt":"IMG 31","thumb_img":"img\/thumb_img.jpg","large_img":"img\/large_img.jpg"},{"id":32,"title":"Title 32","alt":"IMG 32","thumb_img":"img\/thumb_img.jpg","large_img":"img\/large_img.jpg"},{"id":33,"title":"Title 33","alt":"IMG 33","thumb_img":"img\/thumb_img.jpg","large_img":"img\/large_img.jpg"},{"id":34,"title":"Title 34","alt":"IMG 34","thumb_img":"img\/thumb_img.jpg","large_img":"img\/large_img.jpg"},{"id":35,"title":"Title 35","alt":"IMG 35","thumb_img":"img\/thumb_img.jpg","large_img":"img\/large_img.jpg"},{"id":36,"title":"Title 36","alt":"IMG 36","thumb_img":"img\/thumb_img.jpg","large_img":"img\/large_img.jpg"},{"id":37,"title":"Title 37","alt":"IMG 37","thumb_img":"img\/thumb_img.jpg","large_img":"img\/large_img.jpg"},{"id":38,"title":"Title 38","alt":"IMG 38","thumb_img":"img\/thumb_img.jpg","large_img":"img\/large_img.jpg"},{"id":39,"title":"Title 39","alt":"IMG 39","thumb_img":"img\/thumb_img.jpg","large_img":"img\/large_img.jpg"},{"id":40,"title":"Title 40","alt":"IMG 40","thumb_img":"img\/thumb_img.jpg","large_img":"img\/large_img.jpg"},{"id":41,"title":"Title 41","alt":"IMG 41","thumb_img":"img\/thumb_img.jpg","large_img":"img\/large_img.jpg"},{"id":42,"title":"Title 42","alt":"IMG 42","thumb_img":"img\/thumb_img.jpg","large_img":"img\/large_img.jpg"},{"id":43,"title":"Title 43","alt":"IMG 43","thumb_img":"img\/thumb_img.jpg","large_img":"img\/large_img.jpg"},{"id":44,"title":"Title 44","alt":"IMG 44","thumb_img":"img\/thumb_img.jpg","large_img":"img\/large_img.jpg"},{"id":45,"title":"Title 45","alt":"IMG 45","thumb_img":"img\/thumb_img.jpg","large_img":"img\/large_img.jpg"},{"id":46,"title":"Title 46","alt":"IMG 46","thumb_img":"img\/thumb_img.jpg","large_img":"img\/large_img.jpg"},{"id":47,"title":"Title 47","alt":"IMG 47","thumb_img":"img\/thumb_img.jpg","large_img":"img\/large_img.jpg"},{"id":48,"title":"Title 48","alt":"IMG 48","thumb_img":"img\/thumb_img.jpg","large_img":"img\/large_img.jpg"},{"id":49,"title":"Title 49","alt":"IMG 49","thumb_img":"img\/thumb_img.jpg","large_img":"img\/large_img.jpg"},{"id":50,"title":"Title 50","alt":"IMG 50","thumb_img":"img\/thumb_img.jpg","large_img":"img\/large_img.jpg"}]